[
  {
    "slug": "dlf",
    "name": "DLF",
    "logo": "/developers/dlf/logo.png",
    "hero": "/developers/dlf/hero.jpg",
    "tagline": "India’s leading real estate developer in Delhi NCR and beyond",
    "about": "DLF is one of India’s most established real estate developers, known for landmark townships, luxury residences and high-quality commercial developments across Delhi NCR and other key cities.",
    "usps": [
      "Strong legacy and brand trust",
      "Large integrated townships and mixed-use developments",
      "Premium lifestyle amenities and maintenance ecosystem"
    ],
    "stats": [
      ["Primary Segments", "Luxury Residential, SCO & Commercial"],
      ["Key NCR Markets", "Central Delhi, Gurugram"],
      ["Altina Focus", "DLF One Midtown, Independent Floors, Central 67 SCO"]
    ],
    "projects": [
      "dlf-one-midtown",
      "dlf-independent-floors-phase-2-3",
      "dlf-central-67-sco"
    ]
  },
  {
    "slug": "sobha",
    "name": "SOBHA Limited",
    "logo": "/developers/sobha/logo.png",
    "hero": "/developers/sobha/hero.jpg",
    "tagline": "International quality, Indian trust",
    "about": "SOBHA is renowned for its backward-integrated model and meticulous construction quality, delivering premium and luxury residences with a focus on detailing, durability and long-term value.",
    "usps": [
      "In-house design and construction capability",
      "High-spec finishes and structural quality",
      "Focus on peaceful, low-density communities"
    ],
    "stats": [
      ["Primary Segments", "Luxury & Premium Residential"],
      ["Key NCR Corridors", "Dwarka Expressway, Noida–Greater Noida, NH-48 Eco Corridor"],
      ["Altina Focus", "SOBHA Altus, SOBHA Aurum, SOBHA Aranya"]
    ],
    "projects": [
      "sobha-altus",
      "sobha-aurum",
      "sobha-aranya"
    ]
  },
  {
    "slug": "m3m",
    "name": "M3M India",
    "logo": "/developers/m3m/logo.png",
    "hero": "/developers/m3m/hero.jpg",
    "tagline": "Luxury, lifestyle, landmarks",
    "about": "M3M India has delivered a series of high-impact residential, retail and mixed-use developments, especially in Gurugram and NCR, with a strong positioning in the luxury and upper-premium segments.",
    "usps": [
      "Iconic mixed-use & retail-driven projects",
      "Strong presence in Gurugram & NCR",
      "Association with global brands for select developments"
    ],
    "stats": [
      ["Primary Segments", "Luxury Residential & Mixed-use"],
      ["Key Markets", "Gurugram & Noida"],
      ["Altina Focus", "M3M Jacob & Co. Residences"]
    ],
    "projects": [
      "m3m-jacob-co-residences"
    ]
  },
  {
    "slug": "godrej",
    "name": "Godrej Properties",
    "logo": "/developers/godrej/logo.png",
    "hero": "/developers/godrej/hero.jpg",
    "tagline": "Built on trust and innovation",
    "about": "Godrej Properties brings the legacy of the Godrej Group into real estate, with thoughtfully designed townships, apartments and commercial spaces across India, including presence in Delhi NCR.",
    "usps": [
      "Backed by the Godrej Group legacy",
      "Emphasis on sustainability and green design",
      "Presence across multiple Indian metros"
    ],
    "stats": [
      ["Primary Segments", "Mid to Premium Residential"],
      ["Pan-India Presence", "Mumbai, NCR, Pune, Bengaluru & more"],
      ["Altina Focus", "Curated Godrej launches in NCR (to be added)"]
    ],
    "projects": []
  },
  {
    "slug": "gygy",
    "name": "GYGY Group",
    "logo": "/developers/gygy/logo.png",
    "hero": "/developers/gygy/hero.jpg",
    "tagline": "New-age commercial & investment realty",
    "about": "GYGY Group is an emerging developer focused on contemporary commercial, IT/ITES and investment-led projects across high-growth corridors in Noida and NCR.",
    "usps": [
      "Investor-focused Grade A commercial projects",
      "Strategic locations along key expressways",
      "Modern amenities suited for IT/ITES ecosystem"
    ],
    "stats": [
      ["Primary Segments", "IT/ITES Offices & Hybrid Retail"],
      ["Key Market", "Noida Expressway"],
      ["Flagship NCR Project", "GYGY Mentis – Sector 140, Noida"]
    ],
    "projects": [
      "gygy-mentis"
    ]
  },
  {
    "slug": "experion",
    "name": "Experion Developers",
    "logo": "/developers/experion/logo.png",
    "hero": "/developers/experion/hero.jpg",
    "tagline": "Experience matters",
    "about": "Experion Developers is known for thoughtfully planned residential communities, plotted developments and premium apartments, with a strong emphasis on open spaces and livability.",
    "usps": [
      "Master-planned residential communities",
      "Focus on open spaces and greenery",
      "Balanced product mix for end-users and investors"
    ],
    "stats": [
      ["Primary Segments", "Residential & Plotted Developments"],
      ["Key Markets", "Gurugram, Lucknow & other cities"],
      ["Design Focus", "Livability and long-term comfort"]
    ],
    "projects": []
  },
  {
    "slug": "smartworld",
    "name": "Smartworld Developers",
    "logo": "/developers/smartworld/logo.png",
    "hero": "/developers/smartworld/hero.jpg",
    "tagline": "Intelligent living for modern India",
    "about": "Smartworld Developers creates new-age residential communities in prime micro-markets of Gurugram with efficient layouts, ample amenities and a focus on modern urban lifestyles.",
    "usps": [
      "Efficient and smart layouts",
      "Amenity-rich residential communities",
      "Prime Gurugram sector locations"
    ],
    "stats": [
      ["Primary Segments", "Premium & New-age Residential"],
      ["Key Market", "Gurugram"],
      ["Positioning", "Modern, amenity-rich community living"]
    ],
    "projects": []
  },
  {
    "slug": "prestige",
    "name": "Prestige Group",
    "logo": "/developers/prestige/logo.png",
    "hero": "/developers/prestige/hero.jpg",
    "tagline": "A legacy of landmark addresses",
    "about": "Prestige Group is a pan-India real estate brand with a legacy of premium and luxury residential townships, commercial offices and retail destinations across major metros, now expanding its footprint in NCR.",
    "usps": [
      "Strong pan-India brand presence",
      "Diverse portfolio across asset classes",
      "Reputation for upscale, well-planned communities"
    ],
    "stats": [
      ["Primary Segments", "Luxury Residential, Commercial, Retail"],
      ["Key Markets", "Bengaluru, Mumbai, NCR & other metros"],
      ["Brand Strength", "Decades-long track record of delivery"]
    ],
    "projects": []
  }
]
