﻿[
  {
    "slug": "welcome-to-altina-livings",
    "title": "Welcome to Altina™ Livings – Gateway to Luxury Livings",
    "excerpt": "Introducing Altina™ Livings – your trusted partner for luxury homes, independent floors, and high-return investments across Delhi-NCR.",
    "date": "2025-10-05",
    "author": "Altina™ Livings",
    "coverImage": "/blog/altina-intro-hero.jpg",
    "content": [
      "At Altina™ Livings, we believe that a home is more than just a space—it is a lifestyle, an investment in your future, and a reflection of your aspirations. Our mission is to bridge the gap between discerning homebuyers and India’s most prestigious real estate developments.",
      "As a premium channel partner to leading developers such as DLF, M3M, Godrej, Sobha, and more, we bring you exclusive access to luxury residences, independent floors, and high-return commercial spaces across Delhi-NCR.",
      "✨ Why Choose Altina™ Livings?",
      "• Curated Luxury Portfolio – We handpick only the finest residential and commercial projects offering unmatched amenities and long-term value growth.",
      "• Trusted Channel Partner Advantage – Verified listings, transparent pricing, and exclusive pre-launch opportunities with top developers.",
      "• Personalized Guidance – From consultation to final paperwork, our advisors assist with brochures, site visits, pricing, RERA compliance, and loans.",
      "• End-to-End Solutions – From DLF Midtown to SCO plots in Gurugram, we ensure a smooth and rewarding experience.",
      "🏡 Luxury Homes | 🏙️ Commercial Spaces | 📊 Investment Advisory",
      "Our vision is built on trust, transparency, and transformation. At Altina™ Livings, every interaction delivers not just a property, but a gateway to elevated living.",
      "Follow us for updates, insights, and exclusive opportunities across Instagram, Facebook, LinkedIn, and WhatsApp Business.",
      "✨ Welcome to Altina™ Livings – Gateway to Luxury Livings."
    ],
    "tags": ["Altina Livings", "Luxury Homes", "DLF Gurgaon", "Real Estate Delhi NCR"]
  },
  {
    "slug": "dlf-one-midtown-overview",
    "title": "DLF One Midtown: Redefining Luxury Living in Delhi",
    "excerpt": "An exclusive look at DLF One Midtown, Moti Nagar – one of Delhi’s most prestigious luxury addresses with unmatched connectivity and lifestyle features.",
    "date": "2025-10-05",
    "author": "Altina™ Livings",
    "coverImage": "/blog/dlf-midtown-hero.jpg",
    "content": [
      "DLF One Midtown has quickly become one of the most sought-after residential destinations in the heart of Delhi. Strategically located in Moti Nagar, it offers residents unmatched connectivity to Connaught Place, Airport, and Gurugram via arterial roads and metro connectivity.",
      "The project features 2, 3, and 4 BHK luxury apartments designed with contemporary architecture and thoughtful layouts. Residents enjoy lush landscaped gardens, clubhouse facilities, pools, wellness centers, and dedicated kids’ play areas.",
      "DLF’s reputation for quality and timely delivery adds further value, ensuring both lifestyle satisfaction and strong appreciation potential for investors.",
      "✨ Highlights of DLF One Midtown:",
      "• Iconic address in Central Delhi",
      "• Modern 2/3/4 BHK luxury residences",
      "• Premium amenities – clubhouse, pool, fitness, landscaped greens",
      "• Excellent connectivity with Blue and Green Line metro stations",
      "DLF One Midtown truly redefines luxury living by blending convenience, elegance, and investment value."
    ],
    "tags": ["DLF Midtown", "Luxury Flats Delhi", "Moti Nagar", "Real Estate Investment"]
  },
  {
    "slug": "dlf-independent-floors-gurgaon",
    "title": "DLF Independent Floors: Luxury Living in Gurugram Phase 2 & 3",
    "excerpt": "Discover DLF’s premium independent floors in Gurugram Phase 2 & 3 – where privacy, exclusivity, and convenience come together for modern families.",
    "date": "2025-10-05",
    "author": "Altina™ Livings",
    "coverImage": "/blog/dlf-independent-floors.jpg",
    "content": [
      "DLF Independent Floors in Gurugram Phase 2 & 3 offer a unique blend of exclusivity and convenience. These low-rise luxury residences are designed for those who value privacy without compromising on modern amenities.",
      "With only one home per floor, residents enjoy greater independence while still being part of a premium community. Wide roads, landscaped parks, and easy access to NH-8, Golf Course Road, and Cyberhub make it one of the most prime addresses in Gurugram.",
      "Each floor is designed with spacious layouts, natural light, and premium finishes that reflect the high standards of DLF developments.",
      "✨ Why Choose DLF Independent Floors?",
      "• Ready-to-move-in luxury residences",
      "• Prime location in Gurugram Phase 2 & 3",
      "• Enhanced privacy with low-rise living",
      "• Strong potential for capital appreciation",
      "DLF Independent Floors are perfect for families looking for a balance between privacy, luxury, and long-term investment value."
    ],
    "tags": ["DLF Independent Floors", "Gurugram Real Estate", "Luxury Floors Gurgaon", "Phase 2 and 3"]
  }
]
