[
  {
    "slug": "dlf-one-midtown-overview",
    "title": "DLF One Midtown: Redefining Luxury Living in Delhi",
    "excerpt": "Explore DLF One Midtown in Moti Nagar—luxury 2/3/4 BHK, premium amenities, and superb metro connectivity. Book a guided visit with Altina™ Livings.",
    "date": "2025-10-05",
    "lastmod": "2025-10-11",
    "readingMinutes": 4,
    "author": "Altina™ Livings",
    "coverImage": "/blog/dlf-midtown-hero.jpg",
    "seo": {
      "title": "DLF One Midtown: Redefining Luxury Living in Delhi | Altina™ Livings",
      "description": "Inside look at DLF One Midtown—location, amenities, connectivity, and investor value. Book a guided visit with Altina™ Livings.",
      "canonical": "https://www.altinalivings.com/blog/dlf-one-midtown-overview"
    },
    "content": [
      "DLF One Midtown in Moti Nagar, West Delhi has become a landmark address for luxury buyers seeking proximity to central Delhi with modern amenities.",
      "Positioned near the Blue Line metro, daily commutes are seamless. The project offers curated amenities, greenery, and robust security.",
      "Learn more on our DLF One Midtown page at /projects/dlf-one-midtown-moti-nagar, or book a site visit via /contact."
    ],
    "tags": [
      "DLF Midtown",
      "Luxury Flats Delhi",
      "Moti Nagar",
      "Real Estate Investment"
    ]
  },
  {
    "slug": "why-invest-in-gurgaon-real-estate-2025",
    "title": "Why Invest in Gurugram Real Estate in 2025",
    "excerpt": "From infrastructure growth to rental demand—see why Gurugram remains a top NCR market in 2025 for end-users and investors alike.",
    "date": "2025-10-11",
    "lastmod": "2025-10-11",
    "readingMinutes": 5,
    "author": "Altina™ Livings",
    "coverImage": "/blog/gurugram-invest-2025.jpg",
    "seo": {
      "title": "Why Invest in Gurugram Real Estate in 2025 | Altina™ Livings",
      "description": "A concise guide to Gurugram’s 2025 real-estate drivers—connectivity, job hubs, yields, and micro-market picks. Shortlist projects and book a site visit.",
      "canonical": "https://www.altinalivings.com/blog/why-invest-in-gurgaon-real-estate-2025"
    },
    "content": [
      "Gurugram’s real estate continues to benefit from job creation, improving infrastructure, and premium lifestyle demand across key sectors like Golf Course Road and Dwarka Expressway.",
      "We outline micro-markets, budget bands, and buyer profiles, with links to live projects such as /projects/dlf-independent-floors-phase-2-3."
    ],
    "tags": [
      "Gurugram",
      "Investment",
      "NCR",
      "Trends 2025"
    ]
  },
  {
    "slug": "independent-floors-vs-high-rise-delhi-ncr",
    "title": "Independent Floors vs High-Rise Apartments in Delhi-NCR",
    "excerpt": "Low-density living or amenity-rich towers? Compare independent floors vs high-rise apartments to choose what fits your lifestyle and ROI expectations.",
    "date": "2025-10-11",
    "lastmod": "2025-10-11",
    "readingMinutes": 5,
    "author": "Altina™ Livings",
    "coverImage": "/blog/floors-vs-highrise.jpg",
    "seo": {
      "title": "Independent Floors vs High-Rise Apartments in Delhi-NCR | Altina™ Livings",
      "description": "A practical comparison for NCR buyers—privacy, maintenance, amenities, appreciation, and rental prospects. See relevant listings and book a visit.",
      "canonical": "https://www.altinalivings.com/blog/independent-floors-vs-high-rise-delhi-ncr"
    },
    "content": [
      "Independent floors offer privacy, fewer neighbors, and lower maintenance, while high-rises bring large amenity sets, views, and managed communities.",
      "See our curated listing /projects/dlf-independent-floors-phase-2-3 and reach us via /contact for a guided consultation."
    ],
    "tags": [
      "Independent Floors",
      "High-Rise",
      "Delhi NCR",
      "Buyer Guide"
    ]
  }
]